id,name,host_id,host_name,neighbourhood_group,neighbourhood,latitude,longitude,room_type,price,minimum_nights,number_of_reviews,last_review,reviews_per_month,calculated_host_listings_count,availability_365
42882,New York room with a view,185978,Newyorkroomwithaview,Staten Island,St. George,40.64524,-74.08088000000001,Private room,70,2,166,13/06/19,1.66,1,312
62452,A SpeciaL!! Private Room in NY,303939,Lissette,Staten Island,Tompkinsville,40.63536,-74.08537,Private room,36,2,193,25/06/19,1.85,6,360
62461,B NYC Staten Alternative...,303939,Lissette,Staten Island,Tompkinsville,40.63627,-74.08543,Private room,37,2,147,10/06/19,1.44,6,0
62787,C Private Room By The Ferry,303939,Lissette,Staten Island,Tompkinsville,40.63518,-74.08546,Private room,37,2,177,02/07/19,1.71,6,320
63320,D Private Che@p Room 2 Explore NYC,303939,Lissette,Staten Island,Tompkinsville,40.634809999999995,-74.08519,Private room,36,2,333,02/07/19,3.19,6,340
214917,New Clean Spacious Bed & Breakfast,1109658,Carmel,Staten Island,Emerson Hill,40.60742,-74.14388000000001,Private room,80,2,2,08/02/18,0.05,1,158
225976,Sunny cozy multileveled apartment!,1177947,Marina,Staten Island,Shore Acres,40.61077,-74.06824,Entire home/apt,75,6,76,13/06/19,0.8,1,278
258838,"Oceanview,close to Manhattan",1360198,Marina,Staten Island,Arrochar,40.59251,-74.06479,Entire home/apt,250,2,21,22/05/19,0.26,4,333
258876,"Affordable rooms,all transportation",1360198,Marina,Staten Island,Arrochar,40.59101,-74.06685,Private room,50,7,0,,,4,189
259946,"Budget stay, near transportation",1360198,Marina,Staten Island,Arrochar,40.592620000000004,-74.06659,Entire home/apt,125,2,8,19/05/19,0.09,4,353
310272,"Private Room in Artist's Home, Stapleton, SI",1390555,Jonathan,Staten Island,Clifton,40.62318,-74.07848,Private room,59,1,50,03/06/19,0.56,1,352
375249,Enjoy Staten Island Hospitality,1887999,Rimma & Jim,Staten Island,Graniteville,40.62109,-74.16534,Private room,20,3,80,26/05/19,0.92,1,226
386555,A PLACE TO STAY CLOSE TO MANHATTAN,773928,Nen,Staten Island,Stapleton,40.62766,-74.07988,Private room,110,2,6,01/01/19,0.19,1,363
503460,Spacious Apartment w extra room,2483236,Caitlin,Staten Island,New Springville,40.59274,-74.16178000000001,Private room,68,2,11,22/10/18,0.24,1,88
639199,"Beautiful 4BR/4BA Home, Staten Island, NY City.",1483081,Marina,Staten Island,Tottenville,40.50868,-74.23986,Entire home/apt,299,3,59,08/07/19,0.82,1,245
644575,Enjoy and discover New York Citi,15523,Vadim,Staten Island,Tompkinsville,40.63358,-74.0833,Private room,71,2,23,07/10/18,0.33,2,352
681805,NEAR THE CITY THAT NEVER SLEEPS!,3375455,Maria,Staten Island,Mariners Harbor,40.62879,-74.16062,Private room,54,2,48,11/06/19,0.59,1,232
705749,Room Available Close to Manhattan-A,3625735,Marianne,Staten Island,Concord,40.60183,-74.08953000000001,Private room,75,30,59,30/03/19,0.72,2,354
712136,Room Available-Close to Manhattan-B,3625735,Marianne,Staten Island,Concord,40.602129999999995,-74.0893,Private room,75,30,36,29/08/17,0.44,2,362
738588,"Wedding guests accommodations, 3-7 bedrooms",1360198,Marina,Staten Island,Arrochar,40.59193,-74.06475999999999,Entire home/apt,625,4,1,01/11/15,0.02,4,335
826307,"Near Manhatten, NEW Empire Outlets, park!",4192794,Anna,Staten Island,Tompkinsville,40.63132,-74.08799,Private room,47,1,20,06/11/16,0.26,1,323
1059531,Staten Island 1st floor Apartment,7875272,Mary,Staten Island,Port Richmond,40.629220000000004,-74.13354,Entire home/apt,221,30,0,,,3,0
1096326,"Private studio in staten island 

",6024006,Johnny,Staten Island,St. George,40.64699,-74.08151,Entire home/apt,190,2,0,,,1,365
1598033,Staten Island Apartment - 2nd floor,7875272,Mary,Staten Island,Port Richmond,40.62947,-74.13378,Entire home/apt,250,30,1,07/10/15,0.02,3,0
1665498,"3rd FL, Private Suite w Own Bath & Study Area",8821936,Lynn,Staten Island,Shore Acres,40.61135,-74.06356,Entire home/apt,75,3,19,30/05/19,0.28,1,258
1798271,Spacious center hall colonial,9430973,Donna,Staten Island,Woodrow,40.53884,-74.19826,Entire home/apt,700,7,0,,,1,0
2611458,close to Manhattan country setting,13373889,Aaron,Staten Island,Concord,40.60375,-74.08065,Private room,129,1,40,14/10/18,0.85,2,86
2794725,LOOK! Attached single family,14295613,Skylar,Staten Island,Clifton,40.62578,-74.07356,Entire home/apt,75,1,1,19/04/14,0.02,1,0
2889387,New York City near Staten Is. Ferry,2269517,Rob&Elle,Staten Island,St. George,40.6427,-74.08001,Private room,95,2,234,30/06/19,3.74,1,264
3037740,Beautiful turn-of-the-century home,339586,Oswaldo,Staten Island,St. George,40.64444,-74.08301999999999,Entire home/apt,175,3,22,20/06/19,0.4,1,39
3153140,Four-Bedroom Victorian Near Ferry,13530123,Lynn,Staten Island,St. George,40.64553,-74.08323,Entire home/apt,195,3,105,14/06/19,1.73,1,204
3465651,"“No Place Like Home”
1st Floor Suburban Apt.",4060346,"Lisa, Nancy & John",Staten Island,Eltingville,40.54268,-74.16254,Private room,56,1,145,05/07/19,2.38,1,258
3743048,*WARM*Beautiful*Room*ST. GEORGE steps to ferry!,19143974,Meghan,Staten Island,St. George,40.644079999999995,-74.07834,Private room,58,3,93,06/05/19,2.1,1,279
3892700,Cozy 1BR-Country living in NYC!,46969,Aurelie,Staten Island,Clifton,40.6205,-74.07451,Entire home/apt,70,2,242,30/06/19,4.09,1,256
3967160,Firehouse Loft with Harbor Views,20555401,Susannah,Staten Island,Stapleton,40.63628,-74.07763,Entire home/apt,180,2,139,23/06/19,2.42,1,263
4033422,The Lighthouse Manor,20911928,Judith,Staten Island,Lighthouse Hill,40.57718,-74.13981,Entire home/apt,200,2,49,31/12/18,0.92,1,360
4206034,Clean and Huge Studio in Safe Area,18382740,Takao & Aiko,Staten Island,Tompkinsville,40.634809999999995,-74.09591,Entire home/apt,99,7,35,30/05/19,0.61,1,326
4623622,Victorian with Stunning Views of NYC Harbor,22506665,William,Staten Island,St. George,40.64571,-74.07835,Entire home/apt,1000,1,0,,,1,364
4974843,Charming private Studio,25641892,Tonia,Staten Island,West Brighton,40.631820000000005,-74.124,Entire home/apt,70,2,196,21/06/19,3.63,1,231
5110224,Room in artist apartment/ close to Ferry,26405093,Jeff,Staten Island,Stapleton,40.6375,-74.07654000000001,Private room,85,1,0,,,2,359
5225088,Glorious Mornings Townhouse,2265022,K. Zovia,Staten Island,Mariners Harbor,40.62726,-74.1588,Entire home/apt,150,5,16,17/05/19,0.33,1,299
5771366,Authentic New York Vintage Home,1211067,"Hans, Sandra & Son",Staten Island,Tompkinsville,40.62105,-74.08723,Private room,49,2,151,30/06/19,3.06,2,277
5891777,Cozy 1BD side apartment w/parking,18014128,Inessa,Staten Island,Great Kills,40.5517,-74.14636,Entire home/apt,65,5,62,21/05/19,1.22,1,336
5899598,1-BdRm Entire Apartment St. George,6319915,Jason,Staten Island,St. George,40.64567,-74.08368,Entire home/apt,60,4,118,20/06/19,2.54,2,17
6181131,"Share quiet, clean and spacious apt",32060911,Elvis,Staten Island,West Brighton,40.63438,-74.11518000000001,Private room,40,30,6,31/03/19,0.12,2,354
6330321,2-Bdrm Entire Apartment St. George,6319915,Jason,Staten Island,St. George,40.64524,-74.08326,Entire home/apt,89,4,129,30/06/19,2.57,2,25
6553257,Royal Oxford,34272645,Jean,Staten Island,Tompkinsville,40.634890000000006,-74.08592,Entire home/apt,105,3,69,16/06/19,1.49,1,343
6739145,Ranch style house with driveway,25368839,Florence,Staten Island,Dongan Hills,40.58115,-74.09182,Entire home/apt,155,3,63,22/06/19,1.29,1,0
6746003,Retro Style Living In New York City,1211067,"Hans, Sandra & Son",Staten Island,Tompkinsville,40.62154,-74.08700999999999,Private room,49,2,100,29/06/19,2.12,2,284
7144807,"Spacious, Clean , Close to Local Transportation",37360127,Mel,Staten Island,Castleton Corners,40.61363,-74.12151999999999,Private room,45,30,0,,,1,365
7856476,"Private floor with private half-bath, living area",24629261,Natalie,Staten Island,Randall Manor,40.63878,-74.10636,Private room,69,3,23,07/06/19,0.52,1,172
8253376,large house with inground pool/spa,43524236,Miran,Staten Island,Todt Hill,40.60926,-74.10092,Entire home/apt,429,2,4,06/11/15,0.09,1,0
8275676,LOVELY Clean&Safe 2 BR NYC Suburban,43637999,Martha,Staten Island,Great Kills,40.5455,-74.14829,Private room,99,1,82,30/06/19,1.78,1,325
8343222,"New Apartment, Close to Ferry",43977828,Mona And Wally,Staten Island,Silver Lake,40.62257,-74.09984,Entire home/apt,80,2,147,05/07/19,3.19,1,324
8387338,Private Room Available in 2BedApt,44195923,Dawn,Staten Island,Tompkinsville,40.63378,-74.08726,Private room,50,1,0,,,1,0
8589729,Magnolia House Saint George,45201692,Danforth,Staten Island,St. George,40.64779,-74.0846,Entire home/apt,144,1,105,30/06/19,2.3,1,258
8664611,Affordable Luxury Minutes to Manhattan,45519775,Ayman,Staten Island,Randall Manor,40.62859,-74.12272,Entire home/apt,75,2,131,02/07/19,2.85,1,310
8671663,Two bus stops to World Trade Center,45550171,Michael,Staten Island,Concord,40.605140000000006,-74.07366999999999,Entire home/apt,120,1,26,16/02/19,0.58,1,333
8842185,Staten Island NYC Marathon,46305818,Elizabeth,Staten Island,Shore Acres,40.60597,-74.06208000000001,Private room,300,1,0,,,1,0
9045427,Sunrise Condominium Apartment,47198995,Diana,Staten Island,Grymes Hill,40.61201,-74.09513000000001,Entire home/apt,200,1,1,01/11/15,0.02,1,0
9695052,Owl's Landing - The Twins,50068597,Alex,Staten Island,Stapleton,40.63573,-74.0772,Private room,48,2,112,02/07/19,2.6,3,316
9767864,Owl's Landing- The Loft,50068597,Alex,Staten Island,Tompkinsville,40.63661,-74.07868,Private room,40,2,157,01/07/19,3.67,3,324
9882254,Owl's Landing - Garden Room,50068597,Alex,Staten Island,Stapleton,40.63516,-74.07735,Private room,52,2,137,01/07/19,3.17,3,340
10253159,Newly renovated house 4 bedroom. Minutes from NYC,10721093,Jonathan,Staten Island,Castleton Corners,40.61042,-74.12276999999999,Entire home/apt,299,3,49,30/06/19,1.91,1,350
10413576,Quiet home free ferry to Manhattan,53627900,Mahmood,Staten Island,New Brighton,40.64465,-74.09272,Private room,50,1,149,01/07/19,3.7,1,276
10502523,Private Room For 1 w/ Separate Entrance Student / Intern / Traveler,43392243,Rita,Staten Island,Concord,40.600770000000004,-74.07788000000001,Private room,35,4,73,01/05/19,2.1,4,320
10600032,Very nice 1 bedroom house/bungalow,53894093,Rafael,Staten Island,Midland Beach,40.57411,-74.09436,Entire home/apt,100,2,0,,,1,0
10830083,Beautiful well kept private home!,56078939,Tony,Staten Island,Tottenville,40.499790000000004,-74.24084,Private room,110,2,0,,,1,364
11750272,"""Off the Beaten Path"" NYC OASIS",25059970,Jeffrey And Anna Rita,Staten Island,Clifton,40.62375,-74.07373,Entire home/apt,75,5,81,19/06/19,2.04,1,155
12230928,Villa DiGioia visit NYC via SI,65806798,Michael J,Staten Island,Tottenville,40.50708,-74.24285,Private room,100,2,0,,,1,365
12584072,Historic Gem Close to SI Ferry,68252461,Natalia,Staten Island,Clifton,40.623490000000004,-74.07596,Entire home/apt,165,1,108,20/06/19,2.78,1,298
12914239,Cherry Hill House - Plum Room,2464187,Jessica,Staten Island,St. George,40.63834,-74.08291,Private room,40,1,5,30/03/17,0.14,2,0
12966225,"1 bedroom apt, comforts of home, close to all..",71312760,Don,Staten Island,Richmondtown,40.57093,-74.12429,Entire home/apt,78,3,79,23/06/19,2.56,1,300
13222140,"Private appartment,minutes from NY citi. Fantastic loc ation, walking distance to manhattan ferry.",15523,Vadim,Staten Island,Tompkinsville,40.63342,-74.08249,Private room,72,2,25,03/09/18,0.66,2,237
13370393,Charming.,13373889,Aaron,Staten Island,Concord,40.60556,-74.08274,Entire home/apt,150,7,1,04/11/18,0.12,2,83
13427412,Stunning 1 Bedroom Apartment. 8 minutes to Ferry,3156684,Michael And Sandra,Staten Island,Tompkinsville,40.63163,-74.09297,Entire home/apt,85,2,110,27/06/19,2.97,1,248
13529652,"Enjoy whole apartment, safe, 25 min ferry to NYC",70537782,Sen & Ti,Staten Island,Tompkinsville,40.635979999999996,-74.07943,Entire home/apt,105,2,132,30/06/19,3.55,1,318
13673242,Luxurious  1 or two bed rm  private  apartment,79505257,Darryle,Staten Island,Howland Hook,40.63245,-74.17065,Entire home/apt,100,3,21,12/05/19,0.57,1,88
13743786,City Views Close to SI Ferry,80470317,Sergey,Staten Island,Clifton,40.62356,-74.07571,Entire home/apt,120,1,82,30/06/19,2.26,1,310
13882864,Pre-War 1 BR with Scenic Manhattan Views,82168970,Michael,Staten Island,St. George,40.64475,-74.07811,Private room,50,1,0,,,1,0
14024708,Your beach-side bungalow awaits!,83930029,Fianna,Staten Island,New Dorp Beach,40.564640000000004,-74.1,Entire home/apt,62,1,0,,,1,0
14462592,A cozy luxurious  bed and breakfast,79641851,Mia,Staten Island,Howland Hook,40.630140000000004,-74.17459000000001,Entire home/apt,100,4,20,24/09/18,0.57,1,363
14506086,Cute Lofted Apt.,22847606,Patricia,Staten Island,Prince's Bay,40.52211,-74.18028000000001,Entire home/apt,185,2,15,07/08/18,0.44,1,0
14569577,Come Explore the Big Apple!,90104417,Sueann,Staten Island,Tottenville,40.51133,-74.23803000000001,Entire home/apt,275,4,29,03/06/19,0.83,2,313
14588464,Spacious and Clean Get Away,90453529,Maria,Staten Island,South Beach,40.591159999999995,-74.08174,Entire home/apt,275,4,24,06/07/19,0.7,1,127
14654676,Double Twin Spacious Room In Small,17938076,Tyreq,Staten Island,Mariners Harbor,40.6363,-74.15911,Private room,200,1,0,,,1,365
14804661,"Cozy 4 beds, Free Ferry to Manhattan.",92493393,Eddie & Lois,Staten Island,West Brighton,40.63333,-74.11310999999999,Entire home/apt,125,2,96,01/07/19,2.82,5,362
14892623,Cozy Space w/ Separate Entrance,93441980,Tanya,Staten Island,South Beach,40.59385,-74.08825,Private room,80,1,38,05/05/19,1.1,1,308
15081440,Eco  private room for 4 best location to Mahanttan,92493393,Eddie & Lois,Staten Island,West Brighton,40.63215,-74.11403,Private room,69,2,56,04/01/19,1.8,5,355
15178725,2 BR Tropical Getaway near Ferry,96341353,Tony & Grace,Staten Island,St. George,40.6437,-74.07944,Entire home/apt,150,1,23,18/06/19,0.78,3,336
15207725,HugeTropical Bedrm near Ferry,96341353,Tony & Grace,Staten Island,St. George,40.640570000000004,-74.0786,Private room,110,1,20,01/07/19,0.63,3,337
15297194,Cozy Island Bedroom near Ferry,96341353,Tony & Grace,Staten Island,St. George,40.64055,-74.0784,Private room,70,1,60,16/06/19,1.84,3,336
15462051,"Private Loft-style Bedroom & En-suite in S.I., NY",99202586,Thelma,Staten Island,Randall Manor,40.63135,-74.13023000000001,Private room,79,2,21,01/07/19,0.64,5,355
15532430,Quiet room near beach in residential area.,6051934,Susan,Staten Island,Midland Beach,40.56933,-74.09493,Private room,80,1,7,04/11/18,0.22,1,358
15797728,"Modern, Ambient 1-Bedroom Apartment",28189446,Michella,Staten Island,Eltingville,40.541059999999995,-74.14666,Entire home/apt,70,5,83,01/07/19,2.56,1,291
15833574,Delightful studio apartment.,102526590,Edward,Staten Island,Castleton Corners,40.62063,-74.13001,Entire home/apt,65,2,52,30/06/19,1.95,1,40
15949915,"Quiet, Private  3.5 rooms, Manhattan convenient",103545877,Jon,Staten Island,Oakwood,40.562329999999996,-74.12673000000001,Entire home/apt,100,2,2,30/01/17,0.06,1,36
15988392,"Bright guest room Staten Island, New York",103281721,Marina,Staten Island,Stapleton,40.62903,-74.08206,Private room,49,1,17,05/09/17,0.53,1,0
16082711,Private Room Perfect for Students / SIUH / 002 LL safe area,104812805,Amarjit S,Staten Island,Concord,40.597840000000005,-74.08391,Private room,34,4,51,27/10/18,1.69,8,316
16087737,Private Room for Students/Residents/ 001LL safe area,104812805,Amarjit S,Staten Island,Arrochar,40.596790000000006,-74.083,Private room,34,4,39,27/04/19,1.39,8,347
16097336,Doctor's on Rotation (1),104927746,Amardeep,Staten Island,Concord,40.59703,-74.08676,Private room,33,4,18,04/06/19,0.83,7,322
16097690,Doctors lounge for 1 (Room 002),104927746,Amardeep,Staten Island,Concord,40.59704,-74.08716,Private room,32,4,30,22/06/19,1.2,7,342
16097822,Newly renovated Room for 1,104927746,Amardeep,Staten Island,South Beach,40.59587,-74.08614,Private room,35,4,10,22/05/19,0.34,7,323
16098175,Writers Paradise 3 NYC,104927746,Amardeep,Staten Island,Concord,40.597190000000005,-74.08754,Private room,32,4,23,05/05/19,0.87,7,312
16123943,"1BR 2nd floor, house",104661811,Elias,Staten Island,Arrochar,40.594120000000004,-74.06955,Private room,105,1,12,19/05/19,0.39,1,89
16132114,Sunny Guestroom 30 mins to Downtown Manhattan,90658585,Faye,Staten Island,Tompkinsville,40.632670000000005,-74.08369,Private room,34,3,24,10/06/19,0.78,3,159
16216301,Double Guestroom 30 mins to Downtown Manhattan,90658585,Faye,Staten Island,Tompkinsville,40.6339,-74.08513,Private room,55,3,6,07/06/19,0.22,3,88
16232783,Private 1Br aparmtent on Floor 1 of my house,6677922,Ilya,Staten Island,Great Kills,40.55616,-74.16027,Entire home/apt,51,4,29,22/06/19,0.97,1,15
16289102,"Comfy private room, great location to Manhattan",92493393,Eddie & Lois,Staten Island,West Brighton,40.632090000000005,-74.11494,Private room,55,2,30,30/06/19,0.96,5,61
16289973,Economy private room great location to Manhattan,92493393,Eddie & Lois,Staten Island,West Brighton,40.63302,-74.11395999999999,Private room,55,2,64,07/06/19,2.04,5,348
16883129,Charming Studio In Historic Home,26178075,Tricia,Staten Island,Stapleton,40.6322,-74.07789,Entire home/apt,75,2,103,05/07/19,3.52,1,73
16964141,Staten island home not far from ferry to manhattan,113449748,Gloria,Staten Island,Randall Manor,40.63552,-74.12125,Private room,100,3,0,,,1,362
17073870,South Beach Apartment Express to Manhattan,41398005,Mirco,Staten Island,Arrochar,40.593720000000005,-74.06766,Entire home/apt,60,1,25,07/07/19,0.91,3,12
17075535,"Lovely, private studio apartment near Manhattan.",114552571,John,Staten Island,St. George,40.64332,-74.08283,Entire home/apt,120,2,116,05/07/19,4.0,1,191
17257339,Contemporary. Spacious Apartment. Close to Ferry.,115259709,Paul,Staten Island,St. George,40.64508,-74.08126,Entire home/apt,180,2,59,25/06/19,2.21,1,135
17383677,"@Ferry,HUGE 2Br/3beds. Private,Renovated/Stylish..",117492425,Dine,Staten Island,St. George,40.645959999999995,-74.08059,Entire home/apt,65,4,96,01/07/19,3.42,6,147
17475711,Cherry Hill House - Blue Room,2464187,Jessica,Staten Island,St. George,40.637029999999996,-74.08423,Private room,50,1,12,18/08/17,0.42,2,0
17554298,The Sweet Pea Cottage,76840423,Kathleen,Staten Island,Huguenot,40.538709999999995,-74.16966,Entire home/apt,180,1,136,07/07/19,4.81,1,136
17716523,30 Minutes from Manhattan Apartment by South Beach,41398005,Mirco,Staten Island,Arrochar,40.59347,-74.06914,Entire home/apt,122,1,52,23/06/19,2.0,3,219
17735156,Private Cozy Large  Comfortable Bedroom.,4204783,Kevin,Staten Island,West Brighton,40.631159999999994,-74.12278,Private room,49,2,45,09/06/19,1.62,3,276
17735639,Adorable Bright Private Bedroom.,4204783,Kevin,Staten Island,West Brighton,40.63149,-74.12393,Private room,49,2,32,29/06/19,1.14,3,315
17764355,"@Ferry,Loft,2Bdrm/4bed.Private,Renovated/Stylish",1715301,Mark,Staten Island,Tompkinsville,40.63568,-74.07826,Entire home/apt,75,4,117,01/07/19,4.31,3,173
17771811,NYC pad without the NYC price tag,48331309,Ketty,Staten Island,Tompkinsville,40.631009999999996,-74.08443,Entire home/apt,95,4,54,24/09/18,2.06,1,0
17955761,HOME AWAY FROM HOME 4 Guest private,4204783,Kevin,Staten Island,West Brighton,40.631679999999996,-74.12316,Private room,89,2,12,26/06/19,0.43,3,279
17992512,Charming Suite in Historic Home,74282739,David,Staten Island,Stapleton,40.62919,-74.08107,Entire home/apt,70,1,177,24/06/19,7.12,1,230
18051877,Victorian Film location,2675644,Alissa,Staten Island,Randall Manor,40.639520000000005,-74.0973,Entire home/apt,5000,1,0,,,1,344
18066269,"@Ferry,2Bedroom/3beds.Private,Renovated/Stylish...",117492425,Dine,Staten Island,St. George,40.64425,-74.08055999999999,Entire home/apt,72,4,97,26/06/19,3.71,6,152
18066733,5br Duplex. @ Ferry!  Water&City Views!,117492425,Dine,Staten Island,St. George,40.64605,-74.07897,Entire home/apt,289,4,2,25/07/18,0.16,6,230
18191892,Huge 2BR Apartment. Walk to beach/buses,28483768,Skender,Staten Island,Dongan Hills,40.57825,-74.08879,Entire home/apt,95,4,45,19/06/19,1.66,1,134
18240743,Private Room in Staten Island + Walk-In Closet. #1,72603148,Faye,Staten Island,Stapleton,40.634570000000004,-74.07817,Private room,65,1,56,07/07/19,2.09,3,351
18274492,Studio apartment in NYC,5949541,Helen,Staten Island,Grant City,40.58023,-74.10725,Entire home/apt,80,3,68,30/06/19,2.55,1,50
18305741,Cozy Room Minutes To Manhattan. #2,72603148,Faye,Staten Island,Stapleton,40.634640000000005,-74.07842,Private room,55,1,13,20/03/19,0.48,3,362
18414310,Cozy Room Easy Access To Manhattan - Room #3,72603148,Faye,Staten Island,Stapleton,40.6348,-74.07734,Private room,65,1,37,15/04/19,1.41,3,356
18606237,Cozy bedroom in historical home.,128338539,Reuben,Staten Island,Stapleton,40.63167,-74.07970999999999,Private room,43,1,37,05/07/19,1.56,4,89
18669496,Med. sized bdrm in Historical house on Staten Isl.,128338539,Reuben,Staten Island,Stapleton,40.62981,-74.07998,Private room,50,1,25,06/07/19,1.03,4,73
18755777,Nice and fully furnished room in Staten Island,130493959,Ely,Staten Island,Port Richmond,40.63748,-74.13495999999999,Private room,40,1,63,27/05/19,2.42,1,343
18828846,"Private Studio Apartment, Staten Island, NYC",131115416,Kat,Staten Island,Emerson Hill,40.60642,-74.11756,Entire home/apt,49,1,43,01/07/19,1.67,1,64
18896540,PRIVATE BATHROOM  AND KITCHEN AREA,131684478,Mervin (Michael),Staten Island,West Brighton,40.63452,-74.11707,Private room,45,2,47,01/02/19,1.89,3,207
18958323,Tranquility,21190402,David,Staten Island,Emerson Hill,40.60577,-74.12819,Private room,85,1,0,,,1,0
18993379,Home &Garden: lots local+fast 2 Manhattan/Brooklyn,132266502,Sharlene,Staten Island,Westerleigh,40.61357,-74.13566,Entire home/apt,103,3,1,29/07/18,0.09,1,189
18997371,Cozy Getaway,90104417,Sueann,Staten Island,Tottenville,40.50873,-74.23914,Entire home/apt,85,2,49,01/07/19,2.08,2,159
19236716,a beautiful home,134672751,Louis,Staten Island,West Brighton,40.623979999999996,-74.10801,Private room,200,3,0,,,1,365
19523894,1-Bdrm Newly Renovated Spacious Apartment,137114793,Nick,Staten Island,Great Kills,40.562509999999996,-74.14780999999999,Entire home/apt,91,30,61,10/06/19,2.6,1,205
19636727,Private Room for 1 with Balcony! (004),137999892,Simranjeet,Staten Island,Concord,40.60732,-74.08709,Private room,40,2,36,09/05/19,1.6,7,286
19691525,Small room in Historical home on Staten Island,128338539,Reuben,Staten Island,Stapleton,40.631440000000005,-74.07913,Private room,34,1,11,19/04/19,0.65,4,78
19786757,2 Bedrooms PRIVATE BATHROOM AND KITCHEN,131684478,Mervin (Michael),Staten Island,West Brighton,40.632909999999995,-74.11777,Private room,83,2,5,29/08/18,0.24,3,188
19878366,"@Ferry,Large Private Rm,Renovated/Stylish,Views...",117492425,Dine,Staten Island,St. George,40.64478,-74.07897,Private room,33,4,63,03/07/19,2.78,6,197
19910952,RELAX & UNWIND - Classy Unique HOUSE for 9 People,99202586,Thelma,Staten Island,Randall Manor,40.629670000000004,-74.1285,Entire home/apt,135,2,21,26/05/19,0.88,5,354
19929723,Cozy And Quiet Getaway (Queen Size Bed),137999892,Simranjeet,Staten Island,Concord,40.60609,-74.0888,Private room,34,4,24,18/05/19,1.03,7,293
19930489,Traveler/Student Prvt Rm w/  1/2 Bath (001),137999892,Simranjeet,Staten Island,Concord,40.60613,-74.08906999999999,Private room,35,4,19,22/06/19,0.84,7,346
19930835,Cozy And Quiet Single Room  (003) A/c in sunmmer,137999892,Simranjeet,Staten Island,Concord,40.60618,-74.08712,Private room,33,3,29,09/06/19,1.3,7,356
19970350,Newly renovated clean and Cozy Private room,15344412,Abe,Staten Island,New Springville,40.58085,-74.15443,Private room,43,10,0,,,3,89
20034244,Two rooms in one. A family friendly neighborhood.,113295877,Jonathan,Staten Island,Tompkinsville,40.635290000000005,-74.09068,Private room,59,3,26,22/06/19,1.11,3,351
20055311,Cozy Basement Apartment near RUMC Hospital,318899,Krystal,Staten Island,West Brighton,40.63471,-74.10942,Entire home/apt,75,1,9,07/06/19,0.45,1,175
20136121,1 BD cozy house near beach,90751766,Valeriy,Staten Island,Midland Beach,40.57294,-74.09615,Entire home/apt,90,4,8,29/05/19,0.4,1,179
20136828,2 BD cozy house,143199593,Val,Staten Island,Midland Beach,40.57509,-74.09606,Entire home/apt,105,4,20,10/06/19,1.05,1,358
20148331,"BIG-3 BDRM house, 1hr to Manhattan, near beach",7927832,Yulia,Staten Island,"Bay Terrace, Staten Island",40.55182,-74.14439,Entire home/apt,150,3,1,16/08/18,0.09,1,0
20210285,ROOM AC WI-FI PARKING CABLE FOR 2,131684478,Mervin (Michael),Staten Island,West Brighton,40.632909999999995,-74.11749,Private room,37,2,25,01/09/18,1.11,3,306
20305160,Beach House Retreat. 15 minutes from Manhattan.,1715301,Mark,Staten Island,Fort Wadsworth,40.595459999999996,-74.06092,Entire home/apt,800,7,0,,,3,365
20476779,Enjoy Manhattan without paying Manhattan prices,146178383,Diana,Staten Island,St. George,40.64262,-74.08066,Private room,68,2,29,20/05/19,1.3,1,57
20542510,Room 1 Private Lower Level Getaway w/ Window  (Lower Level 1),104927746,Amardeep,Staten Island,Concord,40.59669,-74.08645,Private room,32,4,45,21/04/19,2.09,7,333
20572837,Private Room right near SI Ferry,66798529,Courtney,Staten Island,St. George,40.63975,-74.07774,Private room,70,31,0,,,1,365
20676841,Private room 15 MINS AWAY FROM FERRY by bus,147952036,Mimi,Staten Island,Rosebank,40.61353,-74.06724,Private room,55,2,88,24/06/19,4.73,1,114
20729216,Whole Apt/Private Entry/Free Parking,148444929,Karl,Staten Island,St. George,40.64119,-74.08369,Entire home/apt,109,2,87,06/07/19,5.08,1,100
20886536,Comfortable stay,15344412,Abe,Staten Island,New Springville,40.580909999999996,-74.15485,Private room,52,1,74,25/06/19,3.34,3,78
20917712,"@FERRY, Private Cozy Room, Renovated&Stylish.",117492425,Dine,Staten Island,St. George,40.645790000000005,-74.08027,Private room,29,4,61,24/06/19,2.81,6,178
20941915,Large Bedroom near Manhattan,150572903,Dimitri,Staten Island,St. George,40.64123,-74.08169000000001,Private room,85,2,0,,,2,356
21260624,"NEW ROMANTIC SEPARATE APARTMENT , Free parking .",153180105,Lana,Staten Island,Lighthouse Hill,40.576409999999996,-74.12931,Entire home/apt,115,2,29,03/01/19,1.41,1,71
21378123,Studio apt direct access to Mantattan and Brooklyn,154828245,Ping,Staten Island,New Springville,40.58508,-74.16162,Entire home/apt,58,1,87,24/06/19,4.18,1,0
21501184,Classy Modern 2 Beds for 2 People-Staten Island NY,99202586,Thelma,Staten Island,Randall Manor,40.63118,-74.12866,Private room,55,2,4,06/10/18,0.2,5,355
21517530,GSG Inn - A totally private historic landmark inn,136214003,Gary,Staten Island,St. George,40.64591,-74.08399,Entire home/apt,125,1,108,06/07/19,5.41,1,319
21550437,Charming Prvt Rm  Students/Travelers 8 min to SIUH,104812805,Amarjit S,Staten Island,Arrochar,40.59746,-74.08406,Private room,32,4,26,19/05/19,1.33,8,315
21623610,Small Guestroom 30 mins to Downtown Manhattan,90658585,Faye,Staten Island,Tompkinsville,40.63333,-74.08389,Private room,30,3,13,08/06/19,0.7,3,176
21901025,house on the hill with free parking in NYC!,1483578,Spiritchild,Staten Island,St. George,40.64537,-74.08381,Private room,100,2,77,08/07/19,3.9,1,336
21981845,A happy home,158178970,Raquel,Staten Island,Randall Manor,40.63108,-74.12512,Private room,27,1,21,19/06/19,1.14,3,287
22087812,Cozy Studio with Private Entrance,161352782,Linda,Staten Island,Clifton,40.61603,-74.08666,Entire home/apt,65,1,70,28/06/19,8.43,1,300
22122388,Fully Furnished Spacious Home for 7 People,99202586,Thelma,Staten Island,Randall Manor,40.6311,-74.12816,Entire home/apt,149,2,3,16/06/19,0.34,5,354
22276159,Affordable private room in a home in NYC,12258594,Rosa,Staten Island,St. George,40.64497,-74.08456,Private room,75,2,10,01/07/19,0.53,2,207
22420304,Nice bunkbed room with private bathroom!,164164069,Marcia,Staten Island,Westerleigh,40.61422,-74.13167,Private room,40,2,17,07/09/18,0.92,1,36
22450373,Spacious and modern space. Super cozy and quiet,15535829,Jay,Staten Island,West Brighton,40.632290000000005,-74.11350999999999,Entire home/apt,99,2,3,18/05/19,0.36,1,364
22511108,Historical home N.shore Staten Isl. nr FREE ferry.,128338539,Reuben,Staten Island,Stapleton,40.6322,-74.07913,Entire home/apt,95,30,25,14/11/18,1.47,4,178
22649404,"@Ferry,2Bedroom/4bed.Private,Renovated/Stylish...",1715301,Mark,Staten Island,Tompkinsville,40.63518,-74.07956,Entire home/apt,65,4,63,27/06/19,3.63,3,191
22730139,Staten Island full size living space-lower level,167595532,Nabil,Staten Island,Arden Heights,40.56033,-74.18259,Entire home/apt,75,1,20,08/01/19,1.55,1,6
22792746,3 Bedroom/4 Beds @ Ferry. Sleeps 7. Beautiful!,117492425,Dine,Staten Island,St. George,40.64581,-74.07949,Entire home/apt,150,4,0,,,6,0
22856025,Newly Renovated Guest Room with Private Bath,34635838,Madeline,Staten Island,Bull's Head,40.60295,-74.17116999999999,Private room,25,1,34,16/05/19,2.06,2,0
22937305,Large Bedroom with newly renovated bathroom,34635838,Madeline,Staten Island,Bull's Head,40.603359999999995,-74.17118,Private room,39,1,29,20/05/19,1.81,2,0
22977021,Spacious Room4 Rent Near Hospital in Staten Island,46723570,Kartikeya,Staten Island,South Beach,40.5895,-74.09663,Shared room,20,4,1,02/02/18,0.06,1,0
23059062,Sunny Basement Apt. in House w/ Garden Near Ferry,6966161,Michal,Staten Island,St. George,40.64399,-74.08525999999999,Entire home/apt,77,7,0,,,1,0
23148112,Spacious Studio on Staten Island,7875272,Mary,Staten Island,Port Richmond,40.63012,-74.13512,Entire home/apt,50,31,0,,,3,0
23219361,Cozy Studio near South Beach :-),59966705,Arek,Staten Island,Arrochar,40.59078,-74.07504,Entire home/apt,71,2,30,14/06/19,1.8,1,306
23247442,"Contemporary Home Away from Home, Entire house",499896,Leon,Staten Island,Tompkinsville,40.63462,-74.08136,Entire home/apt,245,2,37,01/06/19,2.28,1,216
23300336,Cozy room,173485654,Patricia,Staten Island,Mariners Harbor,40.63179,-74.16122,Private room,40,5,1,12/04/18,0.07,1,87
23308563,Room in the Safest Neighborhood of Staten Island!,106897471,Oswaldo,Staten Island,Silver Lake,40.62422,-74.09316,Private room,60,3,90,26/05/19,5.49,1,0
23336877,Welcoming House near Verrazano Bridge,173823383,Basia,Staten Island,Shore Acres,40.608090000000004,-74.0727,Entire home/apt,165,2,51,02/07/19,3.25,1,0
23433585,"Nice room near SI Ferry 
15 minutes by car.",174786681,Sara I,Staten Island,Randall Manor,40.63779,-74.12274000000001,Private room,31,7,3,31/10/18,0.19,1,357
23465912,Beautiful apartment - easy access to all,175116422,Karilyn,Staten Island,Grant City,40.578790000000005,-74.11043000000001,Entire home/apt,60,3,81,04/07/19,5.09,3,272
23597323,Staten Island Studio,99270668,Joseph,Staten Island,New Dorp,40.570440000000005,-74.11747,Entire home/apt,57,1,0,,,1,0
23839013,New 2-Bedrooms on Grymes Hill,148130073,Sebastian,Staten Island,Grymes Hill,40.61758,-74.09111999999999,Entire home/apt,110,2,69,25/06/19,4.47,1,19
23996479,#1  Spacious Private Room,303939,Lissette,Staten Island,Tompkinsville,40.63485,-74.08539,Private room,37,2,53,11/06/19,3.4,6,341
23998608,Cozy room with a comfortable bed,15344412,Abe,Staten Island,New Springville,40.57942,-74.15505999999999,Private room,50,1,38,23/06/19,2.64,3,88
24019172,"XL Ensuite 5m to Ferry, RUMC, Snug Harbor",9263105,Wj,Staten Island,New Brighton,40.64393,-74.09312,Private room,40,30,1,29/06/19,1.0,2,71
24057583,Beautiful Studio Apt,181108819,Friday,Staten Island,Clifton,40.61804,-74.0861,Entire home/apt,60,1,54,22/05/19,3.48,1,361
24412681,Cozy SI den with multiple and easy access to NYC,184233409,Lisa,Staten Island,Port Richmond,40.63275,-74.13681,Private room,47,2,13,30/05/19,0.96,1,283
24476209,Inexpensive Private Room with NYC / SIUH Access #2,104812805,Amarjit S,Staten Island,Arrochar,40.597609999999996,-74.08346999999999,Private room,33,4,6,26/03/19,0.41,8,285
24573377,Inexpensive Private Room with NYC / SIUH Access #1,104812805,Amarjit S,Staten Island,Arrochar,40.597570000000005,-74.08434,Private room,35,4,11,10/06/19,0.77,8,338
24606641,Classy Antique Private Bedroom 20-minutes to Ferry,99202586,Thelma,Staten Island,Randall Manor,40.62947,-74.12991,Private room,79,2,4,01/07/19,0.3,5,355
24624154,1 Bedroom Cozy Apartment,139756559,Maria,Staten Island,Great Kills,40.54878,-74.13908,Entire home/apt,75,30,3,11/02/19,0.22,2,129
24632590,"Apt near ferry,verrazano brdg, RUMC,buses NYC wifi",32162495,Mostafa,Staten Island,Tompkinsville,40.6326,-74.09099,Entire home/apt,199,1,36,23/06/19,2.51,3,171
24653572,Staten Island retreat.,171590575,Anthony,Staten Island,Randall Manor,40.6416,-74.09861,Private room,50,10,2,06/11/18,0.14,1,191
24678015,"A place to sleep the night near NYC,RUMC, Brooklyn",32162495,Mostafa,Staten Island,Tompkinsville,40.63126,-74.0921,Entire home/apt,48,3,1,16/07/18,0.08,3,0
24868754,Inexpensive Private Rm w/ NYC/SIUH/RUMC Access 3,104812805,Amarjit S,Staten Island,Arrochar,40.596790000000006,-74.08444,Private room,33,4,17,06/07/19,1.2,8,316
24967000,Gorgeous apartment with access to all #2,175116422,Karilyn,Staten Island,Grant City,40.578559999999996,-74.1107,Entire home/apt,72,3,11,24/03/19,1.05,3,333
24970249,Peaceful&Sun filled 2BR&private bathroom near NYC,12931469,Margarita,Staten Island,Great Kills,40.549009999999996,-74.142,Private room,120,2,4,19/11/18,0.29,3,86
25005483,3-bdrm Newly Renovated Townhouse.,139756559,Maria,Staten Island,Great Kills,40.54639,-74.13705999999999,Entire home/apt,180,30,9,09/10/18,0.79,2,130
25127198,Travellers delight #3,104812805,Amarjit S,Staten Island,Arrochar,40.59644,-74.08279,Private room,32,4,10,01/05/19,0.73,8,340
25189933,Charming Private Room 5 min to the Ocean,12931469,Margarita,Staten Island,Great Kills,40.54896,-74.14246,Private room,40,2,9,01/07/19,0.73,3,89
25191316,Gorgeous Private room near NYC,12931469,Margarita,Staten Island,Great Kills,40.54889,-74.14199,Private room,50,2,4,05/11/18,0.3,3,84
25205158,Private Room in St George near Manhattan,150572903,Dimitri,Staten Island,St. George,40.6408,-74.08097,Private room,75,3,4,06/05/19,0.3,2,128
25501491,"Great apartment in staten island, New York.",192449075,Alarape,Staten Island,Graniteville,40.624390000000005,-74.16634,Entire home/apt,115,1,36,29/06/19,2.67,1,263
25626932,10 mins to Free Ferry to Manhattan NYC new mall,182272609,Denada,Staten Island,Tompkinsville,40.63369,-74.09489,Entire home/apt,161,1,24,02/06/19,1.82,2,87
25770425,New York City home away from home :),32113962,Ania,Staten Island,St. George,40.64497,-74.08267,Entire home/apt,97,4,19,20/06/19,1.54,1,131
26085282,Free ferry to Manhattan 10 mins away,182272609,Denada,Staten Island,Tompkinsville,40.63277,-74.09562,Entire home/apt,106,3,10,29/06/19,0.86,2,87
26157329,Large studio apt w/ private deck. Close to RUMC.,102263916,John,Staten Island,Tompkinsville,40.63111,-74.09000999999999,Entire home/apt,99,1,37,07/07/19,4.25,2,172
26224487,3 bedroom 1200sq ft apt with exposed brick & deck,55978113,Alexis,Staten Island,Stapleton,40.63701,-74.07624,Private room,50,1,21,07/07/19,1.81,2,363
26258351,Escape NYC in the Borough of Parks!,6402171,Taryn,Staten Island,Rossville,40.5479,-74.21016999999999,Entire home/apt,75,3,21,01/07/19,1.69,1,59
26274490,Cozy Stay!!,197516314,Genny,Staten Island,Port Richmond,40.63428,-74.13339,Private room,50,1,16,23/06/19,1.53,3,365
26274952,Entire Apartment in House! 20mins to FREE ferry!,145536848,Petya,Staten Island,Concord,40.60307,-74.08440999999999,Entire home/apt,100,1,25,01/07/19,5.64,1,72
26280881,Bedroom in 3br exposed brick apt w deck & garden,55978113,Alexis,Staten Island,Stapleton,40.63705,-74.07722,Private room,80,1,4,25/10/18,0.34,2,29
26295421,Cozy place II,197516314,Genny,Staten Island,Port Richmond,40.63408,-74.13224,Private room,55,1,40,15/06/19,3.21,3,363
26331103,room b,32060911,Elvis,Staten Island,West Brighton,40.63402,-74.11375,Private room,40,33,1,04/07/19,1.0,2,337
26430901,Hustler's Paradise 003 Private Room Lower Level,104927746,Amardeep,Staten Island,Concord,40.59691,-74.087,Private room,30,4,26,25/06/19,2.14,7,359
26431251,Captain's Cabin 001/Apmnt like,137999892,Simranjeet,Staten Island,Concord,40.605309999999996,-74.08893,Private room,30,4,16,01/07/19,1.3,7,334
26431441,Captains Cabin 002/Apmnt like,137999892,Simranjeet,Staten Island,Concord,40.606970000000004,-74.08765,Private room,30,4,11,06/07/19,0.99,7,337
26606845,NYC Guest Suite with Loft-Free Ferry to Manhattan,50756378,Nina,Staten Island,Clifton,40.615429999999996,-74.08513,Entire home/apt,100,2,5,19/05/19,0.43,7,312
26889078,Staten Island Garden Apartment Near Ferry,199535935,Tim,Staten Island,St. George,40.646409999999996,-74.08502,Entire home/apt,130,2,52,24/06/19,4.6,1,96
27083575,Happy home 2,158178970,Raquel,Staten Island,Randall Manor,40.62972,-74.12539,Private room,22,1,21,04/07/19,1.77,3,261
27086249,Anna's place  bed and breakfast,203572377,Anna,Staten Island,Prince's Bay,40.527,-74.20940999999999,Private room,118,1,0,,,1,353
27088022,"Bright, Brand NEW, and Spacious, Gorgeous Home",115827173,David,Staten Island,Willowbrook,40.598859999999995,-74.13217,Entire home/apt,249,4,9,13/05/19,0.8,2,351
27191921,Fort Pl B&B,204752727,Paul,Staten Island,St. George,40.64275,-74.08001,Private room,120,2,1,05/04/19,0.31,1,350
27203413,Quiet Apartment/ Private Entrance/ Free Parking,204810113,Maria,Staten Island,New Brighton,40.63813,-74.0929,Private room,115,3,42,21/06/19,3.8,1,115
27236170,Staten Island Home with a View,205132904,Farah,Staten Island,Tompkinsville,40.63513,-74.07929,Private room,135,2,65,24/06/19,6.13,2,293
27365033,Large Room In Prestigious Neighborhood Of SI,18404082,Alexander,Staten Island,Grymes Hill,40.6157,-74.0985,Private room,89,1,1,04/11/18,0.12,1,65
27402384,Modern Staten Island Townhouse- Welcome home!,206508895,Arika,Staten Island,Randall Manor,40.6406,-74.11702,Entire home/apt,67,2,39,25/06/19,3.45,1,45
27492179,Close to Manhattan Quiet Residential Area,207205519,Dimitri,Staten Island,Shore Acres,40.6075,-74.06679,Private room,100,3,0,,,1,90
27510869,Staten Island Apartment,113295877,Jonathan,Staten Island,Tompkinsville,40.634609999999995,-74.08937,Private room,55,3,6,24/10/18,0.55,3,154
27579796,New York home ferry ride from Manhattan.,169567256,Pariis,Staten Island,Tompkinsville,40.63183,-74.09268,Private room,100,2,1,04/11/18,0.12,1,0
27700747,Beach-side basement media room,145245549,Dawid,Staten Island,New Dorp Beach,40.56629,-74.10331,Private room,36,2,18,07/06/19,1.67,1,178
27707814,Great Room Great Price,152484079,Carmen,Staten Island,Port Richmond,40.63577,-74.13113,Private room,46,1,17,15/12/18,1.55,1,0
27852410,Big Bed Paradise,104812805,Amarjit S,Staten Island,Arrochar,40.59623,-74.0839,Private room,34,4,8,08/06/19,0.85,8,290
27876268,Step back in time and see NYC as it was in the 80s,26405093,Jeff,Staten Island,Stapleton,40.63782,-74.07732,Private room,85,1,2,13/09/18,0.19,2,353
27910595,"Cozy&Clean Suite-private entry, bedroom & bathroom",210843289,Tajudeen,Staten Island,Mariners Harbor,40.63068,-74.15521,Private room,40,2,86,25/06/19,10.12,1,56
27938207,Private Room in Charming NYC Guest Suite (single),50756378,Nina,Staten Island,Clifton,40.617059999999995,-74.08567,Private room,50,2,8,28/04/19,0.77,7,37
27939557,Private room in Charming NYC Guest Suite (Double),50756378,Nina,Staten Island,Clifton,40.61683,-74.08551999999999,Private room,40,2,4,13/04/19,0.39,7,37
27939842,Shared Loft in Charming Guest Suite (Front Left),50756378,Nina,Staten Island,Clifton,40.61542,-74.08496,Shared room,95,3,0,,,7,37
27962805,Shared Loft in Charming Guest Suite (Front Right),50756378,Nina,Staten Island,Clifton,40.61672,-74.0855,Shared room,75,2,1,04/09/18,0.1,7,37
27964104,Shared Loft in Charming Guest Suite (Rear),50756378,Nina,Staten Island,Clifton,40.61575,-74.08658,Shared room,75,2,0,,,7,37
27967621,"Private Guest Suite Close To Ferry, Colleges, RUMC",13974626,Carrie,Staten Island,Tompkinsville,40.63482,-74.095,Entire home/apt,65,2,13,16/06/19,2.89,1,247
28031322,"Staten Island Gem,  4 bedroom duplex in St. George",196770644,Rafael,Staten Island,Stapleton,40.63556,-74.07623000000001,Entire home/apt,150,2,27,01/07/19,2.74,1,259
28407992,"Entire 2BR apartment, your home away from home",162848296,Fengxiang,Staten Island,Graniteville,40.62301,-74.16558,Entire home/apt,71,4,7,01/06/19,1.01,1,0
28409283,Staten Island Townhouse,214483712,Christina,Staten Island,Bull's Head,40.59448,-74.16388,Private room,40,10,0,,,3,89
28431734,Bright 2- Room apartment in a house next to train.,55004447,Olga,Staten Island,Arden Heights,40.54312,-74.17388000000001,Private room,41,2,7,08/01/19,0.71,1,0
28609705,20 mins from Manhattan. 10 mins frm S.I. ferry.,215922295,Muneeb,Staten Island,Rosebank,40.61088,-74.07327,Entire home/apt,200,5,8,05/06/19,1.0,1,244
28671992,Cozy Bedroom with Private Bath,205132904,Farah,Staten Island,Tompkinsville,40.633109999999995,-74.07936,Private room,55,2,48,02/07/19,4.97,2,302
28840001,Beautiful Cozy Studio Apartment,217468746,Timothy,Staten Island,Stapleton,40.62448,-74.08317,Entire home/apt,89,1,23,05/07/19,2.43,1,0
28909477,Charming NYC Guest Suite (Loft Room),50756378,Nina,Staten Island,Clifton,40.61595,-74.08535,Shared room,150,2,2,04/11/18,0.22,7,312
28927140,Gentleman's Quarters #2,43392243,Rita,Staten Island,Concord,40.59972,-74.07701,Private room,35,1,2,30/06/19,2.0,4,360
28927290,Gentleman's Quarters,43392243,Rita,Staten Island,Concord,40.599340000000005,-74.07836,Private room,35,1,45,07/07/19,4.89,4,177
29380907,"Cozy, Private 1 Bedroom Basement Apartment",179355129,Gabrielle,Staten Island,Dongan Hills,40.58303,-74.09271,Entire home/apt,85,2,12,24/06/19,1.91,1,229
29393457,2 Private Rooms Near Staten Island Ferry,204823078,Maria,Staten Island,South Beach,40.58639,-74.08943000000001,Private room,100,2,6,26/05/19,0.73,2,86
29410055,Private community close to all the NYC & NJ action,199539833,Vince,Staten Island,Rosebank,40.60816,-74.07634,Entire home/apt,90,3,19,15/06/19,2.68,1,247
29431457,Large Studio Apartment on Todt Hill,146363617,Michael,Staten Island,Todt Hill,40.58392,-74.1078,Entire home/apt,62,14,4,30/04/19,0.56,1,268
29439494,VERREZZANO HOUSE,221760432,Daniel,Staten Island,Concord,40.60367,-74.0695,Entire home/apt,200,4,4,07/05/19,0.53,1,320
29455519,Quiet Comfty Home,171446547,Xiomara,Staten Island,Bull's Head,40.617,-74.16485,Private room,80,1,29,07/07/19,3.4,1,362
29517676,Spacious & Comfortable Suite w/ Private Entry/Bath,72001588,Dave,Staten Island,West Brighton,40.62625,-74.11109,Private room,80,1,29,01/07/19,3.49,1,80
29635732,Newly Renovated Spacious 2 Bedroom Apartment!,63227531,Marwa,Staten Island,Randall Manor,40.62743,-74.12261,Entire home/apt,140,2,12,05/07/19,1.57,2,340
29660984,charming Bedroom in a quite neighborhood,221751961,Maya,Staten Island,Oakwood,40.56028,-74.10678,Private room,46,1,4,19/01/19,0.51,1,0
29701014,"Newly Renovated 3BR Apt,Minutes away from SI Ferry",223504937,Ellouise,Staten Island,Randall Manor,40.62692,-74.1299,Entire home/apt,109,3,21,07/07/19,4.44,1,121
29828614,New York home ferry ride from Manhattan.,224370048,Pariis,Staten Island,Tompkinsville,40.63304,-74.09244,Private room,90,1,6,23/06/19,0.95,1,262
30037932,Loft with Room in Exclusive Area near Free Ferry,183625602,Leslie,Staten Island,Tompkinsville,40.62917,-74.08619,Entire home/apt,120,3,15,01/07/19,1.92,1,166
30082958,NYC★GREATVALUE★STEPSFROMTRAIN★QUEENtempurpedicBED,73183897,Michael,Staten Island,Dongan Hills,40.58415,-74.10503,Entire home/apt,70,3,14,06/07/19,1.81,1,51
30202750,"Large 2 BR, loft-like apartment in historic house",17011664,Ann Marie,Staten Island,St. George,40.64682,-74.08575,Entire home/apt,86,5,1,03/01/19,0.16,1,43
30250766,"Staten Island - Free Wifi, Parking Space, Near NYC",225160295,Yun,Staten Island,Rosebank,40.61438,-74.0664,Entire home/apt,138,1,51,02/07/19,7.18,1,291
30291704,Beautiful Apartment in Staten Island,207856540,Meir,Staten Island,New Springville,40.58952,-74.15587,Entire home/apt,119,2,17,05/07/19,3.13,1,175
30449094,Private Room in A Family House,228608906,Linda,Staten Island,Arrochar,40.59107,-74.07061,Private room,65,1,1,01/01/19,0.16,2,362
30852891,BEAUTIFUL 2 BEDROOM,133594005,Carmen,Staten Island,St. George,40.64762,-74.08681999999999,Entire home/apt,135,3,3,14/06/19,1.76,1,232
30877996,NYC loft by the beach,31307082,Veronica,Staten Island,Arrochar,40.58957,-74.07666,Entire home/apt,100,2,18,08/07/19,2.81,1,296
30962509,2 Bedrooms with Harbor View,231352789,Farah,Staten Island,Stapleton,40.634479999999996,-74.07836999999999,Private room,85,2,26,04/07/19,3.92,3,305
31103559,Three bedrooms house,228608906,Linda,Staten Island,Arrochar,40.587959999999995,-74.07205,Private room,65,1,8,02/07/19,1.37,2,362
31112840,幸福小屋,232509057,David,Staten Island,South Beach,40.591640000000005,-74.08197,Private room,55,1,10,05/07/19,7.14,1,363
31193843,Spacious 2 Bedrooms,231352789,Farah,Staten Island,Tompkinsville,40.634890000000006,-74.07967,Private room,69,2,25,07/07/19,3.95,3,280
31209400,2 bedroom apartment in Staten Island,141524395,Myrka,Staten Island,Mariners Harbor,40.63531,-74.15789000000001,Entire home/apt,130,2,8,30/06/19,1.41,1,174
31218310,"YOUR HM AWAY FROM HM
Medical personnel, Vacation?",233485864,Jeannie,Staten Island,New Dorp Beach,40.56662,-74.10444,Private room,40,1,56,06/07/19,9.33,2,307
31253968,Small Room In NY,303939,Lissette,Staten Island,Tompkinsville,40.63584,-74.08542,Private room,35,2,12,24/06/19,2.02,6,299
31365591,Park&walk2Boat! See LadyLiberty&DTNY all for free!,233541916,James,Staten Island,St. George,40.64118,-74.08400999999999,Private room,100,1,0,,,1,0
31416916,"2 Bedrooms Nearby Free ""Manhattan Ferry""",231352789,Farah,Staten Island,Tompkinsville,40.63515,-74.07929,Private room,85,2,29,07/07/19,5.0,3,296
31560479,large private Rooms for rent 5 mins from SI Ferry,236556387,Samuel,Staten Island,Stapleton,40.63474,-74.07758000000001,Private room,57,1,7,22/06/19,3.56,1,365
31717883,Your Stay in Staten Island will be the best,237913872,Lilia,Staten Island,Concord,40.60228,-74.08324,Private room,75,2,8,29/06/19,1.78,1,90
31898844,Eddies place #2,98214533,Edwin’S Place,Staten Island,Huguenot,40.53982,-74.1728,Entire home/apt,75,2,20,07/07/19,4.38,2,229
31900179,Eddies place #3,98214533,Edwin’S Place,Staten Island,Huguenot,40.53987,-74.17258000000001,Entire home/apt,100,2,11,06/07/19,2.09,2,259
31957975,"ENTIRE apt, 2 Bdr,Commercial Area,Private Entrance",236334741,Wendy,Staten Island,Rosebank,40.61588,-74.06711,Entire home/apt,100,1,47,23/06/19,9.1,1,151
32206003,Spacious Rm for 1 near Hospital1 min Walk to Train,241676154,Maria,Staten Island,Grant City,40.57974,-74.10989000000001,Private room,30,7,1,29/06/19,1.0,2,188
32214892,"3 Private rooms,shared space",17473098,Elias,Staten Island,Castleton Corners,40.62373,-74.11773000000001,Private room,150,1,0,,,1,0
32239170,FairPlay BNB for alternative life style renters!,241924064,Alice,Staten Island,Shore Acres,40.60525,-74.06745,Entire home/apt,300,1,0,,,1,87
32381165,"Elegant & Luxurious, Clean & Cheerful entire house",243147506,Peter,Staten Island,Stapleton,40.6279,-74.08202,Entire home/apt,275,2,11,03/07/19,3.51,1,182
32502180,1-Bedroom Newly Renovated Cozy Apartment,244217480,Vlad,Staten Island,Arden Heights,40.54857,-74.17628,Entire home/apt,83,30,3,28/06/19,0.9,1,316
32523519,The Manhattan View,173009,Scott And Bea,Staten Island,Stapleton,40.63285,-74.0778,Entire home/apt,125,2,10,07/07/19,3.19,1,252
32545866,"Rest and relaxation, free swimming pool at bay st",244544373,Valerie,Staten Island,St. George,40.63763,-74.08268000000001,Private room,100,1,0,,,2,365
32695204,Beautiful  1 bedroom house near Verrazano bridge,144653854,Natalya,Staten Island,Arrochar,40.59809,-74.0656,Entire home/apt,150,2,12,01/07/19,3.79,1,85
32795950,Spacious Room in Beautiful Private House,246717334,Denise,Staten Island,Mariners Harbor,40.6396,-74.1661,Private room,63,1,10,29/06/19,2.65,1,179
32890299,"Able to walk to free ferry in Manhattan. Many,Bus",244544373,Valerie,Staten Island,St. George,40.638940000000005,-74.08069,Private room,100,1,1,24/06/19,1.0,2,365
32912783,Loft bed,113295877,Jonathan,Staten Island,Tompkinsville,40.63476,-74.0894,Private room,55,3,3,30/06/19,1.11,3,61
32918029,Comfy Room III,197516314,Genny,Staten Island,Port Richmond,40.63517,-74.13351999999999,Private room,52,1,3,28/06/19,0.93,3,365
32956331,Green & Cozy Home in NYC's Staten Island,31757676,Maite,Staten Island,Stapleton,40.62493,-74.08318,Entire home/apt,100,7,0,,,1,16
33097219,Brand new home in Staten island!,249104360,Arkady,Staten Island,Grymes Hill,40.61572,-74.08901,Entire home/apt,300,5,1,19/05/19,0.58,1,174
33212719,NYC cozy apartment close to staten island ferry,250065719,Martha,Staten Island,Randall Manor,40.63211,-74.12557,Entire home/apt,85,1,6,24/06/19,2.2,1,316
33241498,2 Rooms in pvt house-15 mins to NYC & free ferry,161357125,Mohsin,Staten Island,Emerson Hill,40.61035,-74.11711,Entire home/apt,78,2,11,03/07/19,3.88,3,38
33242348,1 room in private house - 15 mins to NYC & Ferry,161357125,Mohsin,Staten Island,Todt Hill,40.60991,-74.11577,Private room,50,2,6,18/06/19,2.02,3,52
33275070,Modern studio/private entrance/superb location,250580779,Viktoriya,Staten Island,"Bay Terrace, Staten Island",40.55105,-74.1366,Entire home/apt,55,30,2,21/05/19,0.82,1,0
33398529,Very comfortable  QNS bed judge yourselfg,50375092,Mohamad,Staten Island,Dongan Hills,40.57857,-74.09151999999999,Private room,65,1,9,31/05/19,2.62,3,35
33509538,WALK TO FREE SI FERRY FROM FURNISHED STUDIO APT,160956,Neil,Staten Island,St. George,40.64015,-74.08126999999999,Entire home/apt,99,3,4,28/06/19,2.31,1,326
33519749,Cozy And Stylish Modern Home,252590512,Yien,Staten Island,New Brighton,40.64098,-74.0935,Entire home/apt,249,2,8,22/06/19,2.58,1,241
33574976,"Still NYC...  Grymes Hill, Staten Island",246224359,Julie Ann,Staten Island,Grymes Hill,40.6105,-74.09132,Entire home/apt,115,1,1,30/06/19,1.0,1,339
33589352,B-comfortable queen size bed try it yourself,50375092,Mohamad,Staten Island,Dongan Hills,40.57882,-74.09196999999999,Private room,49,1,8,09/06/19,2.53,3,342
33638326,Hustler's Paradise 2 (Semi Private),104927746,Amardeep,Staten Island,Concord,40.597,-74.08778000000001,Shared room,29,1,0,,,7,2
33654480,Amazing 1 Bedroom Apt! Near the SI Ferry!!,190246158,Pavel-Alexey,Staten Island,St. George,40.64448,-74.08485,Entire home/apt,68,2,4,26/06/19,1.97,1,65
33689398,comfortable & cozy qns size bed Feel it yourself,50375092,Mohamad,Staten Island,Dongan Hills,40.5788,-74.09155,Private room,37,1,7,04/07/19,2.66,3,310
33760723,Spacious Studio with easy access to NYC,211400652,Viktor,Staten Island,Arden Heights,40.55762,-74.19626,Entire home/apt,70,5,1,03/07/19,1.0,1,55
33804180,Cozy farmhouse in NYC. 2 bdrms; 2 full baths. WiFi,163169045,Janice,Staten Island,Prince's Bay,40.52293,-74.21238000000001,Entire home/apt,85,2,8,24/06/19,3.33,1,66
33914554,3 Bedroom Full house - 15mins to NYC/Ferry,161357125,Mohsin,Staten Island,Todt Hill,40.610409999999995,-74.11593,Entire home/apt,135,3,2,23/06/19,0.86,3,36
34154797,Private Room Near Staten Island Ferry,204823078,Maria,Staten Island,South Beach,40.58802,-74.08855,Private room,50,2,4,21/06/19,1.85,2,80
34255438,NYC Lux. Condo,258635350,Jason,Staten Island,New Springville,40.581109999999995,-74.15933000000001,Entire home/apt,150,2,0,,,1,0
34256727,"Private, Cozy Escape! Near all!",49216953,Marina,Staten Island,Midland Beach,40.57568,-74.09522,Entire home/apt,115,2,2,20/06/19,2.0,1,231
34258883,MIN WALK TO TRAIN/STORES/FOOD PLACES/NEAR HOSPITAL,241676154,Maria,Staten Island,Grant City,40.57801,-74.10869,Private room,29,21,0,,,2,281
34312163,Queen Room,95570540,Eileen,Staten Island,Oakwood,40.56033,-74.11953000000001,Private room,65,1,1,28/06/19,1.0,3,179
34368051,Home Away from Home,95570540,Eileen,Staten Island,Oakwood,40.56054,-74.12004,Entire home/apt,130,1,1,26/06/19,1.0,3,363
34370296,Ideal Bedroom in a Friendly Neighborhood,89599593,Fernando,Staten Island,South Beach,40.59318,-74.08594000000001,Private room,99,1,2,30/06/19,2.0,1,176
34390686,Large sunny bedroom 5 mins from SI ferry,185401573,Akil,Staten Island,Stapleton,40.63443,-74.07573000000001,Private room,50,1,10,05/07/19,5.0,1,179
34396747,Double Room,95570540,Eileen,Staten Island,Oakwood,40.55908,-74.11992,Private room,65,1,1,14/06/19,1.0,3,364
34443205,"""Hop and Skip to NYC""",35819327,Annette,Staten Island,Rosebank,40.614709999999995,-74.06679,Entire home/apt,135,2,1,02/07/19,1.0,1,0
34544599,"XL Quiet Top Floor Harborview 5m to Ferry, RUMC",9263105,Wj,Staten Island,New Brighton,40.64535,-74.09255,Private room,55,3,1,26/06/19,1.0,2,10
34652720,Adorable cozy apartment near access to all #3,175116422,Karilyn,Staten Island,Grant City,40.57825,-74.10902,Entire home/apt,75,3,0,,,3,318
34835762,Central Hall Colonial with Free Parking Bus EXP NY,252051657,Anastasios,Staten Island,Prince's Bay,40.53076,-74.20295,Entire home/apt,1250,14,0,,,1,23
34844071,SWEET STUDIO 4 BLOCKS FROM THE BEACH! 15min to NYC,56306339,Al,Staten Island,Midland Beach,40.57503,-74.09523,Entire home/apt,61,5,0,,,1,290
34858865,"Private home next to beach,transport,parking",32162495,Mostafa,Staten Island,Eltingville,40.539390000000004,-74.15389,Entire home/apt,299,10,0,,,3,30
34870577,Happy Home 3,158178970,Raquel,Staten Island,Randall Manor,40.63136,-74.12559,Shared room,13,1,9,05/07/19,5.51,3,8
34888503,Charming town of Tottenville right outside NYC,962249,Dora,Staten Island,Tottenville,40.50943,-74.24441999999999,Entire home/apt,70,3,1,01/07/19,1.0,1,128
34945914,"""Dave's Island Suite""",258232863,David,Staten Island,New Springville,40.58647,-74.15954,Entire home/apt,68,2,8,30/06/19,5.33,1,4
35042440,NYC 25 min from Staten IS Ferry Cozy 1br house,218955580,Yuriy,Staten Island,Mariners Harbor,40.6357,-74.15478,Entire home/apt,80,1,4,07/07/19,4.0,1,140
35069416,005 Comfy and Pleasant Shared Room,137999892,Simranjeet,Staten Island,Concord,40.60625,-74.089,Shared room,30,4,1,01/06/19,0.77,7,68
35164652,Summer Retreat In New Modern Apartment,76583399,Kinga,Staten Island,Arrochar,40.59125,-74.08046999999999,Entire home/apt,195,3,1,24/06/19,1.0,1,119
35224304,Spacious Home Away from Home,43099837,Crystal,Staten Island,Grymes Hill,40.61569,-74.08957,Entire home/apt,125,2,1,28/06/19,1.0,1,44
35262025,Comfy & Quiet 1 Bedroom,137872939,Eloise & Mario,Staten Island,Emerson Hill,40.60585,-74.13331,Private room,49,2,0,,,1,144
35310420,Cute 2 bedroom apt. -ferry ride to Manhattan,471024,Christina,Staten Island,St. George,40.639109999999995,-74.08376,Entire home/apt,48,2,0,,,1,25
35455986,Newly renovated 1 bedroom apartment!,63227531,Marwa,Staten Island,Randall Manor,40.62845,-74.12294,Entire home/apt,99,2,1,20/06/19,1.0,2,342
35489384,Cozy Apartment,236186921,Iveth,Staten Island,Tottenville,40.506409999999995,-74.23059,Entire home/apt,75,1,1,28/06/19,1.0,1,299
35516587,3 bedroom house on a beach & 50 min to Manhattan,153561136,Irene,Staten Island,New Dorp Beach,40.56153,-74.10047,Entire home/apt,109,5,0,,,1,46
35619073,"Ferry to Manhattan, private, newly renovated",256966373,Amir,Staten Island,St. George,40.64332,-74.07812,Entire home/apt,100,3,1,20/06/19,1.0,1,201
35683776,"Cozy 1 BR by St. George Ferry., 2nd Floor apt.",268430876,Edilma,Staten Island,St. George,40.63772,-74.08315,Private room,42,1,0,,,1,87
35732847,A lovely room in a great house close to RUMC.,102263916,John,Staten Island,Tompkinsville,40.63281,-74.09132,Private room,50,1,4,07/07/19,4.0,2,84
35785973,Custom home by lake and NYC,20024538,Liza,Staten Island,Arrochar,40.5949,-74.07084,Entire home/apt,199,1,1,30/06/19,1.0,1,81
35840369,"Layton Apt. Is Only 20 Min Ride into Manhattan, NY",269592097,Selma,Staten Island,St. George,40.64244,-74.08494,Entire home/apt,78,2,0,,,1,342
35901040,Private Cozy Three Bedroom apartment for 8,92493393,Eddie & Lois,Staten Island,West Brighton,40.63207,-74.11406,Entire home/apt,190,1,0,,,5,342
36097705,Like a Cottage in the Sky!,271528362,Terri,Staten Island,Grymes Hill,40.61674,-74.10169,Entire home/apt,175,1,0,,,1,350
36154148,"Private and cozy bedroom, for rent.",214483712,Christina,Staten Island,Bull's Head,40.594359999999995,-74.16345,Private room,50,30,0,,,3,179
36154590,Private and Cozy Bedroom.,214483712,Christina,Staten Island,Bull's Head,40.59475,-74.1637,Private room,50,30,0,,,3,364
36202006,Stream-Pressed Paradise (Laundry Room Setup),43392243,Rita,Staten Island,Concord,40.6011,-74.0783,Shared room,30,2,0,,,4,82
36233195,Welcome home buddies in NYC,121399223,Weifeng,Staten Island,Tompkinsville,40.6283,-74.08645,Private room,60,1,0,,,1,88
36237529,"Beautiful Cozy Room, 20mn to FREE ferry",272557707,Marouene,Staten Island,Rosebank,40.6075,-74.07979,Private room,65,1,1,05/07/19,1.0,1,179
36267546,A Home Away From Home,233485864,Jeannie,Staten Island,New Dorp Beach,40.565059999999995,-74.1024,Private room,40,1,0,,,2,341
36270376,"Beautiful home on Staten Island, walk to ferry",444904,Janine,Staten Island,St. George,40.64005,-74.07987,Entire home/apt,100,365,0,,,1,342
36310353,Staten Island Resort minutes from ferry! Amazing!!,28586423,Danielle,Staten Island,Stapleton,40.62878,-74.07301,Entire home/apt,450,5,0,,,1,88
36355110,PRIVATE ROOM IN STATEN ISLAND -FOR LADIES ONLY,201187671,Tuana,Staten Island,Shore Acres,40.612829999999995,-74.06625,Private room,54,4,0,,,1,89
36438336,Seas The Moment,211644523,Ben,Staten Island,Great Kills,40.54179,-74.14275,Private room,235,1,1,07/07/19,1.0,1,87
